user_id,sex,loc,dob,weibo_num,following,follower,term
1843646363,M,其他,1990-11-29,1879,270,87,生日动态
5854711708,M,山西 忻州,1999-11-26,1,40,14,vivo智能手机
6482481056,F,海南 海口,NaN,0,17,6,NaN
6294491046,M,浙江,NaN,1,1,3,小米5s 拍照黑科技
6092607399,M,浙江 金华,NaN,2,122,8,红米Note4
1849118632,F,其他,NaN,208,545,277,NaN
5777608617,M,其他,NaN,0,151,3,NaN
6265065384,M,其他,NaN,7,13,3,红米Note 4X 多彩金属
2780843943,F,江苏 南京,1992-04-14,1598,339,124,网易云音乐
3349761974,M,北京 东城区,NaN,1,65,24,hao123
3178516407,M,江苏 苏州,NaN,384,227,55,小米6 拍人更美
2936688571,F,其他,0001-00-00,81,175,44,粉丝红包
1742786497,F,广东,NaN,480,83,51,用户任务
6115577793,M,江苏 扬州,1999-12-13,4,60,29,NaN
6525243334,M,其他,NaN,2,28,23,快充长续航魅蓝 Note5
6534614985,M,其他,NaN,0,4,2,NaN
6383423434,F,江苏,NaN,0,382,4,NaN
6121902026,M,山东 滨州,NaN,0,36,7,NaN
5905960918,M,四川 成都,1979-03-04,140,37,217,用户任务
3068284887,F,北京 东城区,0001-00-00,627,357,300,荣耀9 美得有声有色
6529339350,M,安徽 阜阳,NaN,0,57,1,NaN
5149839322,F,江苏 南京,2016-12-29,17,26,11,前后2000万 OPPO R11
6524784602,F,安徽 淮北,NaN,0,279,6,NaN
6534844378,M,其他,NaN,0,101,3,NaN
3311849445,M,其他,NaN,21,57,31,小米6 拍人更美
2794803174,M,陕西 宝鸡,双子座,528,80,2072,NaN
3252244455,F,福建 福州,1996-07-01,199,451,130,支付宝
6477172710,F,其他,NaN,157,389,70,微博等级
5907402731,F,天津,NaN,52,154,38,HUAWEI nova 2s
5684776940,M,其他,NaN,29,27,12,微博红包
5821059059,M,其他,NaN,20,100,41,微博 HTML5 版
1567117300,M,浙江 绍兴,1986-09-07,114,126,62,iPhone 6 Plus
2532691957,F,山东 聊城,1989-10-04,37,80,6,红米Note 4X 多彩金属
1912262647,M,北京 海淀区,NaN,0,142,25,NaN
6321623034,M,其他,NaN,0,147,9,NaN
5634543616,F,其他,NaN,407,21,24,HUAWEI Mate 8
6461378563,M,山西 吕梁,NaN,0,98,2,NaN
3104067594,M,陕西 西安,1994-07-07,15,289,116,iPhone X
6057840655,M,云南 曲靖,NaN,0,45,11,NaN
5213966352,M,江苏 宿迁,1997-08-10,40,22,9,粉丝红包
5586735124,M,湖南 衡阳,NaN,4,14,31,微博会员中心
1373163544,M,江苏,NaN,28,205,6,今日头条
6395711513,M,其他,NaN,0,81,1,NaN
2073120797,F,安徽 合肥,01-01,197,73,28,凤凰新闻
6519214113,M,河南 开封,1997-04-07,1,11,3,无线校园活动
3165114405,M,湖北 武汉,1992-09-09,456,144,126,iPhone 6
2469908522,M,江苏 苏州,NaN,249,150,22,不思议迷宫Gumballs
6528913455,F,重庆,NaN,216,41,60,iPhone 6
6217388079,M,其他,NaN,0,135,4,NaN
6026711087,F,浙江,NaN,0,289,50,NaN
