user_id,sex,loc,dob,weibo_num,following,follower,term
6531413510,M,其他,NaN,4,83,19,NaN
6008763912,F,安徽 阜阳,NaN,11,52,19,ZTE中兴智能手机
5665617418,M,其他,NaN,43,65,23,粉丝红包
6268483086,F,北京,NaN,1,89,9,NaN
5728040462,M,上海 长宁区,1999-02-10,5,57,214,iPhone X(深空灰)
6402405911,M,其他,NaN,24,118,6,手机酷狗安卓版
3181180442,M,广东,1992-05-06,1,3,2,用户任务
5933299228,F,河北 石家庄,NaN,96,223,15,贪吃蛇大作战app
6514472485,F,山东 临沂,NaN,2,46,15,荣耀7i 翻转吧视界
5172590125,M,江西 赣州,1995-05-12,2,3,1,JiaThis分享按钮
5975111215,F,广西 河池,NaN,1,163,16,微博 HTML5 版
5693732401,M,陕西 西安,1999-01-29,6,35,11,用户任务
3479533113,M,北京 东城区,NaN,20,90,34,魅族官网
6517225021,M,其他,1998-01-16,12,63,3,柔光自拍vivo X7
6528890434,M,其他,NaN,2,20,1,麦芒6 边界，我来超越
6076593732,M,其他,NaN,0,5,2,NaN
6534198855,F,广西 钦州,NaN,0,100,4,NaN
5915047497,F,其他,NaN,0,30,6,NaN
6534166091,M,湖南 怀化,NaN,1,3,1,微博故事
3501880911,M,其他,NaN,1,18,3,NaN
5540345430,M,上海 黄浦区,1992-10-22,1019,360,399,NaN
6534886998,F,其他,2006-02-22,0,54,1,NaN
2801268313,M,上海 长宁区,1987-01-10,417,385,100,生日动态
5221185115,F,其他,NaN,507,350,228,NaN
3948017244,F,湖南 怀化,1994-08-08,530,857,53,华为P9手机摄影再突破
6535575136,F,其他,NaN,17,139,29,微博极速版
2360538724,F,内蒙古 呼和浩特,0001-00-00,992,88,201,小米Note
1976628840,M,福建 福州,01-01,0,72,92,NaN
3927176809,F,海外,2016-04-01,22,165,133,NaN
6294632047,F,台湾 其他,NaN,9,86,36,iPhone
6534231664,F,其他,NaN,0,18,14,NaN
1303180913,F,重庆 九龙坡区,01-01,2200,561,1006,生日动态
2252109427,M,其他,1994-11-16,693,605,152,iPhone 6
6526891636,M,其他,NaN,0,21,1,NaN
6534887028,M,湖南 邵阳,1995-01-28,0,59,1,NaN
6535607926,M,其他,NaN,0,29,4,NaN
6219789946,M,湖南 长沙,1998-03-07,19,56,2090,微博会员中心
6535247482,F,其他,NaN,3,73,23,NaN
6534887039,F,青海,NaN,0,29,5,NaN
6534887042,F,安徽,NaN,0,78,11,NaN
6534821507,F,广东 东莞,NaN,0,49,6,NaN
1735915140,M,广东 肇庆,1987-08-02,3666,508,828,微博 HTML5 版
5529761426,M,四川 雅安,NaN,4,73,19,柔光自拍vivo X7Plus
6481147539,M,其他,NaN,1,390,54,OPPO智能手机
6504838807,F,江苏 连云港,NaN,0,45,5,NaN
3265361560,M,山东 济南,1900-04-01,171,102,15,微博 weibo.com
6193313432,M,其他,NaN,0,104,1,NaN
6471874202,F,其他,处女座,1,136,19,前置双摄vivo X9
6534919835,M,其他,NaN,1,71,2,华为麦芒4
