user_id,sex,loc,dob,weibo_num,following,follower,term
1891871013,F,山东,NaN,78,59,31,陌陌
2408032550,F,江苏 无锡,1993-04-10,1375,491,192,生日动态
5939112235,M,重庆,NaN,8,10,9,不思议迷宫Gumballs
3306400043,M,江苏 镇江,NaN,512,350,119,iPhone 6s Plus
6534900013,M,山东,1985-01-13,0,21,1,NaN
6531524920,F,台湾 其他,1994-11-12,0,34,3,NaN
1116285242,F,其他,NaN,776,409,189,华为Ascend Mate7
6507964730,M,其他,NaN,2,49,7,HUAWEI nova 2
6077131078,M,其他,1996-08-07,19,74,24,荣耀7 世界有点不同
3612813641,F,其他,NaN,22,84,68,移动版微店
6534867275,M,其他,NaN,0,51,2,NaN
5382121812,F,北京,NaN,3432,1583,121,Android
1899145561,M,北京 朝阳区,1990-06-21,1342,201,140,粉丝红包
5174241627,F,北京 海淀区,NaN,2,125,43,NaN
6106491229,F,其他,1995-01-30,3,59,21,小仙女的iPhone X
6520613217,F,河南 新乡,2001-04-23,2,50,5,微博 HTML5 版
6530836840,F,湖南 常德,NaN,0,24,3,NaN
6392686953,M,安徽 铜陵,NaN,2,37,1,用户任务
5235321193,F,福建 福州,1999-07-07,11,318,203,Weibo.intl
6523857257,F,云南 临沧,NaN,0,8,3,NaN
3969788273,M,河南 郑州,1993-03-05,10,204,56,支付宝
2073700721,M,广东 东莞,1992-09-30,118,163,257,生日动态
5901035889,F,江西 赣州,NaN,8,57,17,vivo智能手机
6451898740,F,湖南 娄底,NaN,3,63,6,微博会员中心
6531262837,M,贵州,NaN,0,23,1,NaN
3305449845,M,广西 桂林,1994-11-02,50,171,56,微博 HTML5 版
5656914292,F,台湾 高雄市,1994-01-02,0,46,11,NaN
2610342257,F,天津 和平区,1984-04-01,2022,379,55,分享按钮
6031649146,F,河北 承德,1997-03-25,51,118,37,粉丝红包
1967073663,M,内蒙古 呼伦贝尔,01-01,570,232,85,HUAWEI nova 2
6321252736,M,其他,NaN,376,68,44,拼多多
2076649857,F,湖北,01-01,0,252,100,NaN
2602412415,F,广东 广州,天蝎座,70,522,306,iPhone客戶端
6531590537,F,山东 临沂,NaN,8,62,11,NaN
6535588234,F,海外 马来西亚,1998-06-25,0,61,8,NaN
5597473167,M,广东 汕头,NaN,286,160,144,荣耀X1
6297266579,M,其他,NaN,92,26,3,Hello交友
1819912604,F,甘肃 白银,01-01,248,290,47,天气通iPhone版
5550451108,M,其他,NaN,295,644,29,微博故事
5575485862,F,河北 邢台,NaN,145,299,22,粉丝红包
5865482666,M,新疆,NaN,8,142,19,HUAWEI P10
3174574507,F,其他,1995-05-25,3,18,24,NaN
1788750261,M,黑龙江 双鸭山,01-01,202,538,173,荣耀V9 我想要的快
6522907064,M,其他,NaN,0,13,1,NaN
5144914361,M,其他,NaN,0,2,1,NaN
2287348157,M,福建,NaN,8,31,62,微博 weibo.com
6532639166,F,其他,NaN,0,47,2,NaN
6534867393,F,北京,NaN,2,41,9,iPad mini
6469429699,F,北京,NaN,126,56,9,OPPO R9s Plus
6502492621,F,北京,NaN,0,7,1,NaN
