user_id,sex,loc,dob,weibo_num,following,follower,term
3760052933,F,四川,NaN,13,100,11,微博电影
6531177159,F,吉林 白城,NaN,0,22,8,NaN
6013541062,F,其他,NaN,260,139,20,唱吧
2191153861,F,浙江,NaN,40,190,9,粉丝红包
6532192974,F,海外 美国,NaN,1,82,9,NaN
6526294742,F,其他,NaN,18,39,5,NaN
6424484574,F,其他,NaN,6,91,34,前置双摄vivo X9
6138387167,M,其他,NaN,2,79,4,NaN
6021176035,M,云南 保山,NaN,0,179,1,NaN
1916230372,F,海外 英国,NaN,1154,224,544,HUAWEI Mate 9
6534847205,F,广东 佛山,2000-10-27,0,114,4,NaN
5835938538,F,天津 西青区,2005-01-06,81,296,221,OPPO智能手机
5047245550,M,湖北 神农架,NaN,340,543,357,微博 weibo.com
5697329904,M,其他,NaN,1,64,7,NaN
3955940085,F,江苏 南京,1994-02-13,963,366,88,NaN
6535535350,M,其他,NaN,0,22,3,NaN
5876505340,M,海外 其他,1985-07-12,33,152,2245,生日动态
2627558143,F,北京 西城区,NaN,6,55,22,微博等级
2950748930,F,北京,NaN,383,86,9,OPPO智能手机
5388131079,F,其他,1998-12-04,468,540,126,NaN
6534617864,F,江西,NaN,1,7,3,NaN
6226893576,F,四川 达州,1995-10-23,17,108,65,NaN
6173121290,F,安徽 滁州,2002-12-29,10,109,22,OPPO智能手机
1881332493,M,广东,01-01,513,397,1150,NaN
6534912781,M,其他,NaN,0,57,1,NaN
1774902032,M,广东 深圳,1988-09-17,848,1497,3761,iPhone 6 Plus
6522100499,F,北京,NaN,0,33,3,NaN
6520593171,F,山东 淄博,NaN,0,108,3,NaN
1785551637,M,福建,1994-03-17,904,805,376,生日动态
6519806740,F,河南 鹤壁,NaN,0,51,2,NaN
2680544025,M,贵州 六盘水,1994-03-09,5,168,189,生日动态
5245721370,F,福建,1999-10-03,45,120,222,vivo X20全面屏手机
6088350491,F,上海,1992-03-27,47,250,193,NaN
6528949018,F,陕西 宝鸡,NaN,0,70,6,NaN
1796266782,F,广东 广州,摩羯座,1063,180,346,父母和经济的压力的呢？最后想问您什么时候接孩子回去呢？塔
5892889374,F,甘肃 临夏,1990-03-25,4,31,10,OPPO R9 Plus
5626780449,F,湖南 长沙,NaN,60,295,41,粉丝红包
6534880036,M,其他,NaN,0,20,1,NaN
6509124393,M,其他,NaN,0,15,1,NaN
5638904617,F,云南 红河,1992-12-05,385,85,32,生日动态
1771133743,M,陕西 咸阳,1995-11-06,5,29,87,iPhone 6s
2168970034,M,其他,NaN,1,56,4,NaN
6527703861,M,北京,1997-02-10,10,40,17,iPad mini
6172433216,M,浙江 衢州,NaN,0,60,15,NaN
6524263232,F,其他,NaN,0,36,6,NaN
6535568197,F,北京,NaN,19,118,30,四川省德阳市中江县。 多年之前，在还没有来到这个世界的时......拜托大家帮帮忙，转发出去让更多好心人看到，这是水滴筹链接： 
2325928774,M,广东 深圳,NaN,0,5,2,NaN
2826820423,F,四川 自贡,1994-12-21,202,247,245,生日动态
6420585286,F,广东 梅州,NaN,137,99,19,iPhone 6s
6029728586,F,辽宁 沈阳,1981-05-11,39,76,1582,iPhone 6 Plus
