user_id,sex,loc,dob,weibo_num,following,follower,term
5707417330,M,其他,NaN,7,85,4,粉丝红包
6413174519,M,其他,NaN,0,31,1,NaN
6014650104,F,海南 海口,1984-01-26,105,301,82,NaN
6518261499,M,其他,NaN,2,119,1,OPPO智能手机
5017290501,M,江苏 镇江,1991-10-27,754,372,196,NaN
6533105417,F,浙江 温州,2002-01-15,0,57,18,NaN
5763450634,M,其他,NaN,30,233,7,NaN
5319378701,F,四川 内江,NaN,825,72,49,粉丝红包
3735668495,F,湖北,1996-08-08,40,45,21,NaN
6414255892,F,其他,NaN,2,49,20,NaN
6016943898,M,青海 玉树,NaN,1,10,12,NaN
5979817754,M,北京,NaN,1,83,32,NaN
2632632092,M,重庆 江北区,0001-00-00,117,118,69,微博 weibo.com
3919922973,M,上海,NaN,1,21,4,NaN
5672912668,F,云南 昆明,2013-12-24,9,43,26,小米手机4
5907236639,F,吉林 松原,1990-06-06,6,286,36,iPhone 6 Plus
5734385445,M,其他,NaN,1,30,1,NaN
5860312870,M,其他,NaN,10,88,33,iPhone 7 Plus
1727121192,F,广东 广州,0001-00-00,610,403,216,NaN
6484805417,F,吉林 长春,NaN,1,61,25,NaN
3327674154,F,山东 济南,NaN,37,13,15,小米Note
3944236843,M,海南 海口,1997-12-14,252,400,55,校园的主要有校园环境隐患、不当的教育方法以及同学们之间的语言暴力。来自校外的主要有抢劫、勒索、交通事故和意外伤亡等。在校园里，只有树立自我保护意识，懂得自我保护的常识，学会安全自护，才能消除、减少生活中的隐患，快快乐乐、健健康康地生活。 ​​​ 
5827839788,F,河北 石家庄,NaN,1,125,7,微盘
1793541933,F,四川 宜宾,1993-04-07,236,64,102,微博会员中心
5671438141,M,重庆 万州区,1970-01-01,374,70,42,微博 HTML5 版
5868209988,M,其他,NaN,2,100,27,荒野行动
6531434311,M,海南 海口,2000-09-16,0,17,1,NaN
1097221963,F,浙江 嘉兴,01-01,5,60,27,粉丝红包
2639513423,M,广东 深圳,1900-12-31,136,296,42,iPhone 7
6535563088,F,其他,NaN,0,35,5,NaN
6021203794,M,广东 深圳,NaN,0,30,2,NaN
1854785367,F,湖北 武汉,1990-08-07,2532,455,178,粉丝红包
6525994854,F,辽宁 大连,1994-07-21,20,206,99,vivo AI智慧拍照X21
6493685611,F,广东 广州,NaN,0,28,2,NaN
6535595886,M,其他,NaN,0,104,1,NaN
5681727346,F,河南 洛阳,NaN,287,290,564,红米Note4
6372280181,F,吉林 吉林,NaN,4,93,9,NaN
6534809462,F,河南 许昌,NaN,1,227,3,NaN
5285857147,M,新疆 乌鲁木齐,1995-07-14,53,158,58,荣耀V8 脱影而出
6534514559,F,四川 阿坝,NaN,0,68,1,NaN
5246273412,F,海外 其他,NaN,13,76,50,NaN
6318868357,F,河南 郑州,NaN,0,20,5,NaN
3751102343,F,河北 保定,1994-04-09,408,49,75,生日动态
3786852231,M,河北 石家庄,1990-05-19,31,54,20,蜻蜓.fm收音机
6526093198,M,其他,NaN,0,13,2,NaN
6388008847,F,其他,NaN,2,13,1,粉丝红包
6505580433,F,四川 自贡,1992-06-24,7,86,15,荣耀9 美得有声有色
2674247573,F,湖北 武汉,1991-11-28,301,150,380,iPhone 8
2050967445,M,其他,NaN,124,211,51,粉丝红包
6052366231,F,上海,1993-04-22,0,13,6,NaN
