user_id,sex,loc,dob,weibo_num,following,follower,term
6334677847,F,其他,NaN,5,45,4,用户任务
5656839000,M,山东 临沂,0001-00-00,165,102,32,新浪微博4G版
5742461786,M,广东 东莞,1994-03-09,425,152,20,微博 weibo.com
6535578458,M,其他,NaN,2,32,1,微博极速版
6505890652,F,贵州 六盘水,NaN,1,95,1,NaN
2488730461,M,浙江 杭州,1993-11-14,463,216,132,用户任务
6535545693,M,其他,NaN,11,75,7,明星势力榜
2748744547,F,河北 保定,1986-04-08,28,53,126,生日动态
1858667364,M,安徽 合肥,1990-06-05,429,180,72,阴阳师
6191186788,M,其他,NaN,0,4,1,信仰的跳跃的微博
6466536302,F,其他,NaN,0,10,3,NaN
5259658095,M,其他,NaN,0,51,2,NaN
6177784692,M,其他,NaN,7,130,1,用户任务
2814608244,M,浙江 杭州,NaN,30,73,26,萝卜汇RBC
2360083317,F,江苏 苏州,1990-03-29,877,200,158,生日动态
5975212924,M,湖南,NaN,12,118,2,OPPO智能手机
3303015293,M,其他,NaN,224,217,14,唱吧
5082874751,M,吉林 四平,1992-06-18,44,86,218,HUAWEI nova 青春版
5342167938,M,浙江 台州,NaN,1049,1052,234,NaN
3262088070,M,福建 福州,NaN,2017,2867,224,新浪新闻客户端
5605131144,F,重庆,1999-08-20,1,57,22,iPhone 6
2599781264,M,广东 深圳,NaN,457,87,66,粉丝红包
5249041299,M,天津,NaN,3,61,14,HUAWEI Mate 9
6534955926,M,其他,NaN,0,22,1,NaN
6312395673,M,其他,NaN,0,6,1,NaN
5764613020,M,北京 东城区,1991-01-01,6,56,1,微博 weibo.com
5652677536,M,浙江 温州,NaN,2,34,2,iPhone 6 Plus
6530597796,M,其他,NaN,0,49,1,NaN
5396464551,M,山东 聊城,NaN,6,13,1,粉丝红包
2457306023,M,江西 赣州,NaN,1,44,19,NaN
6529975207,M,广东 江门,2002-03-14,0,36,1,NaN
6335300532,M,其他,2000-07-11,1,38,2,用户任务
6253872058,M,陕西 西安,NaN,0,38,6,NaN
6113625019,F,其他,NaN,0,116,3,NaN
3030156223,M,其他,NaN,300,25,3,粉丝红包
6287459268,F,其他,NaN,0,179,3,NaN
6531711945,F,湖南 娄底,2007-03-19,9,24,11,优酷安卓手机客户端
5289771978,M,辽宁 沈阳,天蝎座,789,589,11207,金立S10CL
5904565198,M,其他,NaN,13,79,8,够快才畅快vivo X6S
2980119505,F,其他,NaN,283,293,47,iPhone 6 Plus
6470992851,M,其他,NaN,3,10,1,NaN
2322400215,F,陕西,NaN,615,314,42,微博会员中心
6165103579,M,其他,1988-03-05,6,505,16,用户任务
5462229981,F,云南,1995-03-08,107,121,13,粉丝红包
6504612830,F,贵州,NaN,0,20,8,NaN
6450545629,M,辽宁 抚顺,NaN,0,28,1,NaN
6313444324,M,其他,NaN,1,250,16,微博 weibo.com
6534366184,M,重庆 江北区,1996-08-15,2,50,8,熊猫守护者
6532498409,M,广西 北海,1989-06-15,13,20,7,OPPO智能手机
5528912876,F,四川 成都,1996-10-27,6,72,53,小米5X 拍人更美
