user_id,sex,loc,dob,weibo_num,following,follower,term
5098384376,M,四川 巴中,NaN,180,274,63,粉丝红包
3037637634,F,河北 邢台,1994-01-02,427,194,77,粉丝红包
6535588870,F,四川,NaN,0,60,2,NaN
6330919946,F,四川 成都,NaN,15,10,3,粉丝红包
6520482827,F,其他,NaN,0,9,2,NaN
6291106827,M,其他,NaN,1,35,4,OPPO R9s Plus
5995080719,F,浙江 金华,2000-07-06,27,40,8,vivo智能手机
1861069840,M,广西 南宁,水瓶座,1014,425,87,QQ音乐
5985250321,F,广东 东莞,2000-12-31,103,304,44,华为手机 畅享玩不停
6532115484,M,其他,NaN,0,16,1,NaN
2426317855,M,河南 郑州,NaN,2,61,12,微博会员中心
6445935647,F,其他,NaN,0,6,5,NaN
3798248482,M,浙江 杭州,0001-00-00,8,16,64,小米商城
6535556133,M,其他,NaN,1,52,1,NaN
5736705069,F,贵州,NaN,58,62,25,NaN
2705665073,M,四川 成都,1993-09-24,23,162,228,生日动态
5731494962,F,其他,NaN,350,526,66,iPhone 6s Plus
2616044593,M,广西 钦州,1996-10-04,22,199,8,生日动态
2141924410,M,江苏 宿迁,1995-02-07,204,204,335,HUAWEI Mate 9
2280303675,M,重庆 万州区,0001-00-00,212,252,106,荒野行动
3171003452,M,江苏 扬州,2013-10-24,87,227,60,粉丝红包
6468774970,M,安徽 铜陵,NaN,0,63,4,NaN
6529100865,F,广东 广州,1986-06-03,17,74,7,NaN
3983748162,F,海外 英国,NaN,218,178,53,微博 weibo.com
6535588932,F,湖南,NaN,1,141,5,OPPO智能手机
6517337159,M,四川,1999-04-14,0,10,1,NaN
3973426247,F,海外 美国,摩羯座,1122,463,81,iPhone
2762779723,F,北京 朝阳区,1993-08-09,932,381,283,Samsung Galaxy S8
6533557325,F,其他,NaN,0,2,2,NaN
5292239950,M,海外 澳大利亚,1996-11-12,14,152,1064,NaN
5061127248,M,其他,NaN,227,527,107,iPhone X
5799455833,F,陕西 咸阳,1997-11-01,116,70,57,红米5Plus 千元全面屏
6071659611,F,福建 三明,NaN,17,30,18,粉丝红包
2662149213,M,广东 广州,1993-10-18,32,335,69,优酷安卓手机客户端
6029618276,F,海外 英国,NaN,6,27,5,NaN
3047140454,M,湖南,0001-00-00,82,55,91,iPhone 6s
3556224102,F,其他,NaN,1492,159,141,前后2000万 OPPO R11
6190214252,M,湖北 武汉,NaN,26,52,18,小米5s 拍照黑科技
6527233133,M,其他,NaN,0,70,1,NaN
6148500588,F,其他,NaN,0,14,4,NaN
2694098032,M,广东 佛山,NaN,0,103,0,NaN
2501618804,M,安徽 淮北,NaN,5,21,3,NaN
5582466164,F,广东 惠州,NaN,433,517,228,一直播
5061422204,M,其他,NaN,158,58,59,三星android智能手机
2639473791,M,四川 成都,NaN,563,466,80,微博 weibo.com
5549894784,M,其他,NaN,15,71,6,微博等级
6132870271,F,海外 马来西亚,NaN,0,50,18,NaN
5853359235,M,其他,2016-05-07,3,57,21,NaN
6266727557,F,河南 三门峡,NaN,9,64,6,NaN
6530280584,F,四川 攀枝花,1981-11-08,1,112,7,HUAWEI nova 2
